品牌,品牌中文名,型号,产品线,价格,续航,最高时速,电池说明,电机功率,峰值功率,充电器与充电时间,制动,减震,车架材质,整车质量,最大载重,轴距,座高,长宽高,离地间隙,轮胎轮圈,智能化及其他,其它列_JSON,原始来源文件
NIU,小牛,RQi CBS 动力版,电动摩托车,29980 元（厂商指导价，汽车之家等）,119 公里,100 千米/时,NIU ENERGY? 锂电 72 5184 25,5 千瓦,,4 电池单充／车身充电 TRUE,CBS,前：液力阻尼 后：弹簧-空气阻尼,钢,,336,,,2080×835×1084 毫米,167,17 英寸,APP：是,,niu-total.csv
NIU,小牛,RQi ABS 动力版,电动摩托车,32980 元（厂商指导价）,119 公里,100 千米/时,NIU ENERGY? 锂电 72 5184 25,5 千瓦,,4 电池单充／车身充电 TRUE,ABS+TCS,前：液力阻尼 后：弹簧-空气阻尼,钢,,336,,,2080×835×1084 毫米,167,17 英寸,APP：是,,niu-total.csv
NIU,小牛,X3 Sport 电轻摩版,电动摩托车,23980 元（指导价参考，略低于电摩版）,116 公里,100 千米/时,NIU ENERGY? 锂电 72 2592 15,,8 千瓦,5.3 车身充电 TRUE,前220mm碟刹 后203mm碟刹,前-阻尼预载可调倒置减震 后-阻尼预载可调减震,锻造铝车架,,146,,,1995×785×1036 毫米,237,19 英寸,APP：是,,niu-total.csv
NIU,小牛,X3 Sport 电摩版,电动摩托车,24980 元（厂商指导价，58摩托等）,64 公里,75 千米/时,NIU ENERGY? 锂电 72 2592 15,,8 千瓦,5.3 车身充电 TRUE,前220mm碟刹 后203mm碟刹,前-阻尼预载可调倒置减震 后-阻尼预载可调减震,锻造铝车架,,151,,,2015×835×1090 毫米,237,19 英寸,APP：是,,niu-total.csv
Sur-Ron,虬龙,幼蜂,电动摩托车,约 19580 元（轻蜂系列国内参考价）,56km@40km/h,65 千米/时,三元锂电58 伏/22Ah,永磁同步电机+矢量正弦波控制器 | 一级齿轮传动+二级链条传动 | 三级可调,8 千瓦 | 185N.m,50.4V5A-磁吸充电 | 2h,,无 | 无 | 170mm | 60/185mm,锻造铝合金,39kg,55kg,1035mm,"标准座高685mm
可调范围665mm-705mm",1500x680x885mm,240mm-260mm,"前越野胎-60/100-14
后越野胎-70/100-12",动力模式：前进一至三挡与倒挡 R；动力辅助功能：滑行能量回收三级可调/SAWC；GPS定位系统：手机应用互联；遥控功能：对讲功能｜动力模式设置；安全功能：磁吸式紧急断电开关｜遥控紧急断电；倾倒保护：电子陀螺仪（可在仪表菜单中关闭）；蠕行模式：无,,Sur-Ron-total.csv
Sur-Ron,虬龙,2025轻蜂X,电动摩托车,19800 元（人民币标价）,75km@40km/h,75 千米/时,高倍率三元锂电池：60 伏/40Ah,高速永磁同步电机+矢量正弦波控制器 | 无 | 二级可调,8 千瓦 | 266N.m,无 | 2h,,"倒置式油簧前叉/行程200mm | Intersect TR型多连杆后悬挂系统
后减震器带气囊全可调85/210mm | 无 | 无",锻造铝合金,45kg/57kg,100kg,1255mm,830mm,1850mm×780mm×1080mm,270mm,"前越野胎70/100-19
后越野胎3.00-18",动力模式：运动+经济模式；动力辅助功能：动能回收；GPS定位系统：手机应用互联；遥控功能：无；安全功能：无；倾倒保护：无；蠕行模式：无,,Sur-Ron-total.csv
Sur-Ron,虬龙,2025轻蜂3C,电动摩托车,19800 元（与同系列轻蜂 X 指导价参考）,75km@40km/h,75 千米/时,高倍率三元锂电池60 伏/40Ah,高速永磁同步电机+矢量正弦波控制器 | 无 | 二级可调,8000 瓦 | 266N.m,无 | 2h,,无 | 无 | 200mm | 85/210mm,锻造铝合金,60kg,100kg,1255mm,830mm,1885*780*1080mm,270mm,"前越野胎70/100-19
后越野胎3.00-18",动力模式：运动+经济模式；动力辅助功能：动能回收；GPS定位系统：手机应用互联；遥控功能：无；安全功能：无；倾倒保护：无；蠕行模式：无,,Sur-Ron-total.csv
Sur-Ron,虬龙,2025 轻蜂电轻摩,电动摩托车,约 18800 元（电轻摩版参考）,68km@40km/h,50 千米/时,高倍率三元锂电池60 伏/40Ah,高速永磁同步电机+矢量正弦波控制器 | 无 | 二级可调,8000 瓦 | 322N.m,无 | 2h,,无 | 无 | 200mm | 85/210mm,锻造铝合金,60kg,100kg,1255mm,830mm,1885*780*1080mm,270mm,"前越野胎70/100-19
后越野胎3.00-19",动力模式：运动+经济模式；动力辅助功能：动能回收；GPS定位系统：手机应用互联；遥控功能：无；安全功能：无；倾倒保护：无；蠕行模式：无,,Sur-Ron-total.csv
Sur-Ron,虬龙,极蜂3C 性能版,电动摩托车,29520 元（人民币标价）,115km@50km/H,95 千米/时,三元锂电池74 伏/60Ah,永磁同步电机+矢量正弦波控制器 | 碳纤维皮带+锻造带轮+碳化钨涂层 | 三级可调,21 千瓦 | 511N.m,85.7V/15A-充电器功能3档调节-U1(425W)-U2(765W)-U3(1100W) | 2.5h,,无 | 无 | 240mm | 85mm/240mm,锻造铝合金,71kg/92kg,150kg,1380mm,850mm,2080×850×1180mm,315mm,"前越野胎-80/100-19
后越野胎-100/90-18","动力模式：经济/日常/运动模式/蠕行模式/倒挡R/Turbo档；动力辅助功能：SRTC越野型ASR牵引力控制系统+
多级可调动能回收BERS；GPS定位系统：手机应用互联；遥控功能：无；安全功能：无；倾倒保护：电子陀螺仪（可在仪表菜单中关闭）；蠕行模式：三级可调",,Sur-Ron-total.csv
Sur-Ron,虬龙,极蜂3C 全地形,电动摩托车,23800 元（人民币标价）,104km@50km/H,>90 千米/时,三元锂电池74 伏/55Ah,永磁同步电机+矢量正弦波控制器 | 无 | 无,12.5 千瓦 | 440N.m,无 | 4.5h,,无 | 无 | 240mm | 85mm/240mm,锻造铝合金,93kg,150kg（双人）,1380mm,850mm,2060mm×880mm×1178mm,315mm,"前全地形胎-90/90-19
后全地形胎-120/80-18","动力模式：经济/日常/运动模式/倒挡R；动力辅助功能：SRTC-越野型ASR牵引力控制系统
多级可调动能回收BERS；GPS定位系统：手机应用互联；遥控功能：无；安全功能：无；倾倒保护：无；蠕行模式：无",,Sur-Ron-total.csv
Sur-Ron,虬龙,极蜂3C 越野版,电动摩托车,约 24800 元（指导价参考）,104km@50km/h,＞90 千米/时,三元锂电池74 伏/55Ah,永磁同步电机+矢量正弦波控制器 | 无 | 无,12.5 千瓦 | 440N.m,无 | 4.5h,,无 | 无 | 240mm | 85mm/240mm,锻造铝合金,89kg,150kg（双人）,1380mm,910mm,2060mm×880mm×1178mm,318mm,"前越野胎-80/100-19
后越野胎-90/90-19","动力模式：经济/日常/运动模式/倒挡R；动力辅助功能：SRTC-越野型ASR牵引力控制系统
多级可调动能回收BERS；GPS定位系统：手机应用互联；遥控功能：无；安全功能：无；倾倒保护：无；蠕行模式：无",,Sur-Ron-total.csv
RFN,,SX-E2,电动摩托车,约 13000 元（海外约 1799 USD×7.25，非国内零售价）,18 公里,45 千米/时,锂电池 720,1 千瓦,,,液压碟刹,阻尼悬挂 阻尼悬挂,,,,1030,600-690,,,,APP：是,"{""包装数量"": ""40 英尺高柜约 236 台"", ""适合人群"": ""青年"", ""骑手推荐身高"": ""110-140 厘米""}",RFN.csv
RFN,,SX-E3,电动摩托车,约 13000 元（海外约 1799 USD×7.25，非国内零售价）,18 公里,50 千米/时,锂电池 720,2 千瓦,,,液压碟刹,阻尼悬挂 阻尼悬挂,,,,1032,600/650,,,,APP：是,"{""包装数量"": ""40 英尺高柜约 236 台"", ""适合人群"": ""青年"", ""骑手推荐身高"": ""110-130 厘米""}",RFN.csv
RFN,,SX-E5,电动摩托车,约 17400 元（海外约 2399 USD×7.25）,30 公里,60 千米/时,锂电池 1200,2 千瓦,,,液压碟刹,双可调阻尼减震器 双可调阻尼减震器,,,,1032,615/665,,,,APP：是,"{""包装数量"": ""40 英尺高柜约 236 台"", ""适合人群"": ""青年"", ""骑手推荐身高"": ""120-140 厘米""}",RFN.csv
RFN,,SX-E8,电动摩托车,约 24700 元（海外约 3399 USD×7.25）,60 公里,85 千米/时,锂电池 2100,6 千瓦,,,液压碟刹,双可调阻尼减震器 双可调阻尼减震器,,,,1145,745,,,,APP：是,"{""包装数量"": ""40 英尺高柜约 168 台"", ""适合人群"": ""青年"", ""骑手推荐身高"": ""140-160 厘米""}",RFN.csv
RFN,,SX-E10,电动摩托车,约 29000 元（海外约 3999 USD×7.25）,100 公里,80 千米/时,锂电池 3360,8 千瓦,,,液压碟刹,双可调阻尼减震器 双可调阻尼减震器,,,,1145,745,,,,APP：是,"{""包装数量"": ""40 英尺高柜约 168 台"", ""适合人群"": ""青年"", ""骑手推荐身高"": ""140-160 厘米""}",RFN.csv
RFN,,SX-E15,电动摩托车,约 38400 元（海外约 5299 USD×7.25）,80 公里,90 千米/时,锂电池 2960,8 千瓦,,,液压碟刹,双可调阻尼减震器 双可调阻尼减震器,,,,1340,880,,,,APP：是,"{""包装数量"": ""40 英尺高柜约 124 台"", ""适合人群"": ""成人"", ""骑手推荐身高"": ""160 厘米+""}",RFN.csv
RFN,,SX-E15 Plus,电动摩托车,约 41300 元（海外约 5699 USD×7.25）,80 公里,100 千米/时,锂电池 2960,8 千瓦,,,液压碟刹,双可调阻尼减震器 双可调阻尼减震器,,,,1340,920,,,,APP：是,"{""包装数量"": ""40 英尺高柜约 124 台"", ""适合人群"": ""成人"", ""骑手推荐身高"": ""170 厘米+""}",RFN.csv
RFN,,RALLY,电动摩托车,约 25400 元（海外约 3499 USD×7.25）,140 公里,65 千米/时,锂电池 2590,5 千瓦,,,液压碟刹,双可调阻尼减震器 双可调阻尼减震器,,,,1330,860,,,,APP：是,"{""包装数量"": ""40 英尺高柜约 144 台"", ""适合人群"": ""成人"", ""骑手推荐身高"": ""160 厘米+""}",RFN.csv
RFN,,RALLY PRO,电动摩托车,约 29000 元（海外约 3999 USD×7.25）,140 公里,78 千米/时,锂电池 3132,6.5 千瓦,,,液压碟刹,双可调阻尼减震器 双可调阻尼减震器,,,,1330,860,,,,APP：是,"{""包装数量"": ""40 英尺高柜约 144 台"", ""适合人群"": ""成人"", ""骑手推荐身高"": ""160 厘米+""}",RFN.csv
RFN,,ENDURANCE,电动摩托车,约 21700 元（海外约 2999 USD×7.25）,160 公里,45 千米/时,锂电池 2590,4 千瓦,,,液压碟刹,双可调阻尼减震器 双可调阻尼减震器,,,,1330,860,,,,APP：是,"{""包装数量"": ""40 英尺高柜约 144 台"", ""适合人群"": ""成人"", ""骑手推荐身高"": ""160 厘米+""}",RFN.csv
RFN,,ROAD,电动摩托车,约 21700 元（海外约 2999 USD×7.25）,160 公里,45 千米/时,锂电池 2590,4 千瓦,,,液压碟刹,双可调阻尼减震器 双可调阻尼减震器,,,,1330,835,,,,APP：是,"{""包装数量"": ""40 英尺高柜约 144 台"", ""适合人群"": ""成人"", ""骑手推荐身高"": ""150 厘米+""}",RFN.csv
RFN,,SX-E150,电动摩托车,约 5800 元（海外约 799 USD×7.25）,8 公里,13 千米/时,锂电池 26.4,0.15 千瓦,,,机械碟刹,弹簧悬挂,,,,665,460,,,,APP：是,"{""包装数量"": ""40 英尺高柜约625Pcs"", ""适合人群"": ""儿童"", ""骑手推荐身高"": ""90-110 厘米""}",RFN.csv
RFN,,SX-E250,电动摩托车,约 8700 元（海外约 1199 USD×7.25）,15 公里,25 千米/时,锂电池 187.2,0.25 千瓦,,,机械碟刹,弹簧悬挂 弹簧悬挂,,,,665,460,,,,APP：是,"{""包装数量"": ""40 英尺高柜约625Pcs"", ""适合人群"": ""儿童"", ""骑手推荐身高"": ""90-110 厘米""}",RFN.csv
RFN,,SX-E350,电动摩托车,约 10100 元（海外约 1399 USD×7.25）,13 公里,30 千米/时,锂电池 180,0.35 千瓦,,,机械碟刹,弹簧悬挂 弹簧悬挂,,,,685,490,,,,APP：是,"{""包装数量"": ""40 英尺高柜约625Pcs"", ""适合人群"": ""儿童"", ""骑手推荐身高"": ""100-120 厘米""}",RFN.csv
RFN,,SX-E500,电动摩托车,约 11600 元（海外约 1599 USD×7.25）,18 公里,35 千米/时,锂电池 270,0.5 千瓦,,,液压碟刹,弹簧悬挂 弹簧悬挂,,,,685,490,,,,APP：是,"{""包装数量"": ""40 英尺高柜约625Pcs"", ""适合人群"": ""儿童"", ""骑手推荐身高"": ""100-120 厘米""}",RFN.csv
Talaria,,Komodo_Mx,电动摩托车,约 32800 元（Komodo 系列国内/出口参考价区间）,115KM @ 45KM/H,105 千米/时,97.2 伏/45Ah (4374 瓦时) | Samsung 50s / LG H51 | 96 伏,8.6 千瓦 | Air-Cooled 4-Layer Hairpin DC Motor,32 千瓦,TFT MULTI-FUNCTION DISPLAY | 4-Level Regen + Regen Switch | E/S/H+R,FR./RR. HYDRAULIC DISC BRAKE,Adjustable ?43 Aluminum Closed Cartridge + Air Chamber Fork with 250mm Travel | Adjustable Closed Cartridge + Piggyback Reservoir + 90mm Travel Rr. Shock Absorber with Linkage,NO.6061 T4 &T6 ALUMINUM ALLOY | FORGED BY 6000 TONS PRESSURE,98KG,,1380mm,910mm,2200mm×810mm×1220mm,315mm,Fr.: 70/100-21; Rr.: 90/100-18,,"{""HANDLEBAR LENGTH"": ""800 毫米"", ""MAX. GRADEABILITY"": ""¡Ý45°"", ""MAX. LOADING ABILITY"": ""160 千克"", ""MOTOR EFFICIENCY"": ""95%"", ""TORQUE ON REAR WHEEL"": ""754N.m"", ""一级传动"": ""Gearbox"", ""二级传动"": ""CHAIN"", ""大灯"": ""Without Headlight"", ""峰值扭矩"": ""90N.m"", ""控制器类型"": ""MPTA+FOC"", ""齿比"": ""8.38 (14T/53T sprockets setting)""}",talaria.csv
Talaria,,Komodo_L3E,电动摩托车,约 32800 元（同上）,115KM @ 45KM/H,105 千米/时,97.2 伏/45Ah (4374 瓦时) | Samsung 50s / LG H51 | 96 伏,8.6 千瓦 | Air-Cooled 4-Layer Hairpin DC Motor,32 千瓦,TFT MULTI-FUNCTION DISPLAY | 4-Level Regen + Regen Switch | E/S/H+R,FR./RR. HYDRAULIC DISC BRAKE,Adjustable ?43 Aluminum Closed Cartridge + Air Chamber Fork with 250mm Travel | Adjustable Closed Cartridge + Piggyback Reservoir + 90mm Travel Rr. Shock Absorber with Linkage,NO.6061 T4 &T6 ALUMINUM ALLOY | FORGED BY 6000 TONS PRESSURE,98KG,,1380mm,910mm,2200mm×810mm×1220mm,315mm,Fr.: 70/100-21; Rr.: 90/100-18,,"{""HANDLEBAR LENGTH"": ""800 毫米"", ""MAX. GRADEABILITY"": ""¡Ý45°"", ""MAX. LOADING ABILITY"": ""160 千克"", ""MOTOR EFFICIENCY"": ""95%"", ""TORQUE ON REAR WHEEL"": ""754N.m"", ""一级传动"": ""Gearbox"", ""二级传动"": ""CHAIN"", ""大灯"": ""Without Headlight"", ""峰值扭矩"": ""90N.m"", ""控制器类型"": ""MPTA+FOC"", ""齿比"": ""8.38 (14T/53T sprockets setting)""}",talaria.csv
Talaria,,xXx_PRO_MX,电动摩托车,约 23800 元（海外 Sting/xxx 系参考）,100KM @25KM/H,75 千米/时,60 伏/40Ah (2400 瓦时) | LG Brand 21700 Cell | 60 伏,2500 瓦 | AIR-COOLED DC IPM,6000 瓦,TFT MULTI-FUNCTION DISPLAY | 4-LEVEL REGEN | ECO/SPORT,FR./RR. HYDRAULIC DISC BRAKE,HI-PERFORMANCE HYDRAULIC FORK | PRO OFF-ROAD PERFORMANCE ABSORBER with Linkage,NO.6061 T4 &T6 ALUMINUM ALLOY | ALUMINUM PROFILE EXTRUSION & FORGED,56KG (Battery Pack Included),,1240mm,810mm,1840mm×770mm×1080mm,260mm,"CST Brand, Fr.: 70/100-19; Rr.:80/100-17",,"{""HANDLEBAR LENGTH"": ""760 毫米"", ""MAX. GRADEABILITY"": ""¡Ý45°"", ""MAX. LOADING ABILITY"": ""100 千克"", ""MOTOR EFFICIENCY"": ""92%"", ""TORQUE ON REAR WHEEL"": ""233N.m"", ""一级传动"": ""皮带"", ""二级传动"": ""CHAIN"", ""大灯"": ""LED"", ""峰值扭矩"": ""34N.m"", ""控制器类型"": ""FOC"", ""齿比"": ""6.85""}",talaria.csv
Talaria,,xXx_PRO_L1E,电动摩托车,约 22800 元（L1e 版参考）,100KM @25KM/H,45 千米/时 (L1e Standard),60 伏/40Ah (2400 瓦时) | LG Brand 21700 Cell | 60 伏,2500 瓦 | AIR-COOLED DC IPM,3200 瓦 (L1e Standard),TFT MULTI-FUNCTION DISPLAY | 4-LEVEL REGEN | ECO/SPORT,FR./RR. HYDRAULIC DISC BRAKE,HI-PERFORMANCE HYDRAULIC FORK | PRO OFF-ROAD PERFORMANCE ABSORBER (Linkage is optional),NO.6061 T4 &T6 ALUMINUM ALLOY | ALUMINUM PROFILE EXTRUSION & FORGED,59KG (Battery Pack Included),,1235mm,805mm,1850mmx770mmx1060mm,255mm,"CST Brand, Fr: 70/90-17; Rr.: 80/90-17",,"{""HANDLEBAR LENGTH"": ""760 毫米"", ""MAX. GRADEABILITY"": ""¡Ý45°"", ""MAX. LOADING ABILITY"": ""100 千克"", ""MOTOR EFFICIENCY"": ""92%"", ""TORQUE ON REAR WHEEL"": ""233N.m"", ""一级传动"": ""皮带"", ""二级传动"": ""CHAIN"", ""大灯"": ""LED"", ""峰值扭矩"": ""34N.m"", ""控制器类型"": ""FOC"", ""齿比"": ""6.85""}",talaria.csv
Talaria,,STING_PRO_MX,电动摩托车,约 28300 元（Sting Pro 参考）,120KM @ 25KM/H,95 千米/时,72 伏/40Ah (2880 瓦时) | Samsung 50s | 72 伏,5500 瓦 | AIR-COOLED DC IPM,13440 瓦,TFT MULTI-FUNCTION DISPLAY | 4-Level Regen + Regen Switch | E/S/H,FR./RR. HYDRAULIC DISC BRAKE,Adjustable Hi-Performance Dual Spring Fork with 200mm±2 Travel | Adjustable 85mm±2 Travel Diameter Reducing Spring Shock Absorber with Linkage,NO.6061 T4 &T6 ALUMINUM ALLOY | FORGED BY 6000 TONS PRESSURE,76KG (Battery Pack Included),,1250mm,840mm,1880mm×770mm×1088mm,280mm,"CST Brand, Fr. 70/100-19 / Rr.80/100-19",,"{""HANDLEBAR LENGTH"": ""760 毫米"", ""MAX. GRADEABILITY"": ""¡Ý45°"", ""MAX. LOADING ABILITY"": ""100 千克"", ""MOTOR EFFICIENCY"": ""92%"", ""TORQUE ON REAR WHEEL"": ""500N.m"", ""一级传动"": ""Gearbox"", ""二级传动"": ""CHAIN"", ""大灯"": ""LED"", ""峰值扭矩"": ""55N.m"", ""控制器类型"": ""FOC"", ""齿比"": ""9.1""}",talaria.csv
Talaria,,STING_PRO_L1E,电动摩托车,约 26800 元（L1e 版参考）,120KM @ 25KM/H,45 千米/时 (L1e Standard),72 伏/40Ah (2880 瓦时) | Samsung 50s | 72 伏,5500 瓦 | AIR-COOLED DC IPM,8500 瓦 (L1e Standard),TFT MULTI-FUNCTION DISPLAY | 4-Level Regen + Regen Switch | E/S/H,FR./RR. HYDRAULIC DISC BRAKE,Adjustable Hi-Performance Dual Spring Fork with 200mm±2 Travel | Adjustable 85mm±2 Travel Diameter Reducing Spring Shock Absorber with Linkage,NO.6061 T4 &T6 ALUMINUM ALLOY | FORGED BY 6000 TONS PRESSURE,79kg（Battery Pack Included）,,1250mm,840mm,1880mm×770mm×1088mm,280mm,"CST Brand, Fr. 70/100-19 / Rr.80/100-19",,"{""HANDLEBAR LENGTH"": ""760 毫米"", ""MAX. GRADEABILITY"": ""¡Ý45°"", ""MAX. LOADING ABILITY"": ""100 千克"", ""MOTOR EFFICIENCY"": ""92%"", ""TORQUE ON REAR WHEEL"": ""500N.m"", ""一级传动"": ""Gearbox"", ""二级传动"": ""CHAIN"", ""大灯"": ""LED"", ""峰值扭矩"": ""55N.m"", ""控制器类型"": ""FOC"", ""齿比"": ""9.1""}",talaria.csv
Zero Motorcycles,,型号：SR/S,电动摩托车,约 152214 元（MSRP 20995 USD × 7.25 参考汇率，非中国官方零售价）,城市续航：275 公里；高速/通勤续航：187 公里,最高时速：200 千米/时 (200 千米/时)；持续最高时速：171 千米/时 (170 千米/时),动力电池包：Z-Force@ Li-Ion intelligent integrated；最大容量：17.3 千瓦时；标称容量：15.1 千瓦时,"峰值扭矩：190 Nm；类型：Z-Force 75-10 enhanced thermal efficiency, passively air-cooled, interior permanent magnet AC motor","后轮峰值扭矩：无；峰值功率：111 hp (83 千瓦) @ 5,600 rpm",充电器类型：6.6 千瓦 integrated；家用充电时间：7.0 小时 （20–80%） / 11.1 小时 （0–95%）；二级充电时间：1.4 小时 （20–80%） / 2.2 小时 （0–95%）,"前制动：Bosch Advanced MSC, dual J-Juan radial 4-piston calipers with radial master cylinder, 320 x 5 毫米 discs；后制动：Bosch Advanced MSC, J-Juan single piston floating caliper, 240 x 4.5 毫米 disc","前悬挂：Showa 43 毫米 Big Piston Separate Function forks, with adjustable spring preload, compression and rebound damping；后悬挂：Showa 40 毫米 piston, piggy-back reservoir shock with adjustable spring preload, compression and rebound damping；前悬挂行程：4.72 in (120 毫米)；后悬挂行程：5.51 in (140 毫米)",,整备质量：235 千克 (235 千克),载重能力：218.6 千克 (219 千克),"轴距：57.1 in (1,450 毫米)",座高：31.0 in (787 毫米),,,前轮胎：Pirelli Diablo Rosso III 120/70-17；后轮胎：Pirelli Diablo Rosso III 180/55-17；前轮：3.50 x 17；后轮：5.50 x 17,,"{""传动方式"": ""无离合器直驱"", ""前倾角"": ""24.5°"", ""单次充电参考费用"": ""约 1.93 美元"", ""可拆卸电池"": ""无"", ""城市工况等价燃油经济性"": ""380 MPGe (0.62 l/100 km)"", ""控制器"": ""高效率、高功率密度, 900 安培三相交流控制器，带再生制动减速"", ""整车质保"": ""2 年"", ""末级传动"": ""90T / 20T, Poly 链条? HTD? 碳纤维? 皮带"", ""电气输入"": ""无"", ""电池包质保"": ""5 年/不限 英里"", ""越野离地间隙"": ""3.7 in (94 毫米)"", ""选装座高（低）"": ""30.3 in (770 毫米)"", ""选装座高（高）"": ""31.9 in (810 毫米)"", ""选配 6 千瓦快充"": ""43 分钟 （20–80%） / 1.1 小时 （0–95%）"", ""配备单只选装充电器时"": ""无"", ""配备最多选装充电器时"": ""无"", ""防护等级"": ""无""}",zeros.csv
Zero Motorcycles,,型号：SR/F,电动摩托车,约 148589 元（MSRP 20495 USD × 7.25 参考汇率，非中国官方零售价）,城市续航：283 公里；高速/通勤续航：188 公里,最高时速：200 千米/时 (200 千米/时)；持续最高时速：171 千米/时 (170 千米/时),动力电池包：Z-Force@ Li-Ion intelligent integrated；最大容量：17.3 千瓦时；标称容量：15.1 千瓦时,"峰值扭矩：190 Nm；类型：Z-Force 75-10 enhanced thermal efficiency, passively air-cooled, interior permanent magnet AC motor","后轮峰值扭矩：无；峰值功率：111 hp (83 千瓦) @ 5,600 rpm",充电器类型：6.6 千瓦 integrated；家用充电时间：7.0 小时 （20–80%） / 11.1 小时 （0–95%）；二级充电时间：1.4 小时 （20–80%） / 2.2 小时 （0–95%）,"前制动：Bosch Advanced MSC, dual J-Juan radial 4-piston calipers with radial master cylinder, 320 x 5 毫米 discs；后制动：Bosch Advanced MSC, J-Juan single piston floating caliper, 240 x 4.5 毫米 disc","前悬挂：Showa 43 毫米 Big Piston Separate Function forks, with adjustable spring preload, compression and rebound damping；后悬挂：Showa 40 毫米 piston, piggy-back reservoir shock with adjustable spring preload, compression and rebound damping；前悬挂行程：4.72 in (120 毫米)；后悬挂行程：5.51 in (140 毫米)",,整备质量：226.8 千克 (227 千克),载重能力：226.8 千克 (227 千克),"轴距：57.1 in (1,450 毫米)",座高：31.0 in (787 毫米),,,前轮胎：Pirelli Diablo Rosso III 120/70-17；后轮胎：Pirelli Diablo Rosso III 180/55-17；前轮：3.50 x 17；后轮：5.50 x 17,,"{""传动方式"": ""无离合器直驱"", ""前倾角"": ""24.5°"", ""单次充电参考费用"": ""约 1.93 美元"", ""可拆卸电池"": ""无"", ""城市工况等价燃油经济性"": ""380 MPGe (0.62 l/100 km)"", ""控制器"": ""高效率、高功率密度, 900 安培三相交流控制器，带再生制动减速"", ""整车质保"": ""2 年"", ""末级传动"": ""90T / 20T, Poly 链条? HTD? 碳纤维? 皮带"", ""电气输入"": ""无"", ""电池包质保"": ""5 年/不限 英里"", ""越野离地间隙"": ""3.7 in (94 毫米)"", ""选装座高（低）"": ""30.3 in (770 毫米)"", ""选装座高（高）"": ""31.9 in (810 毫米)"", ""选配 6 千瓦快充"": ""43 分钟 （20–80%） / 1.1 小时 （0–95%）"", ""配备单只选装充电器时"": ""无"", ""配备最多选装充电器时"": ""无"", ""防护等级"": ""无""}",zeros.csv
Zero Motorcycles,,型号：S,电动摩托车,约 108714 元（MSRP 14995 USD × 7.25 参考汇率，非中国官方零售价）,城市续航：248 公里；高速/通勤续航：162 公里,最高时速：167 千米/时 (167 千米/时)；持续最高时速：161 千米/时 (161 千米/时),动力电池包：Z-Force@ Li-Ion intelligent integrated；最大容量：14.4 千瓦时；标称容量：12.6 千瓦时,"峰值扭矩：132 Nm；类型：Z-Force 75-7 enhanced thermal efficiency, passively air-cooled, interior permanent magnet AC motor","后轮峰值扭矩：无；峰值功率：68 hp (83 千瓦) @ 4,500 rpm",充电器类型：3.0 千瓦 integrated；家用充电时间：5.8 小时 （20–80%） / 9.2 小时 （0–95%）；二级充电时间：2.5 小时 （20–80%） / 4.0 小时 （0–95%）,"前制动：Bosch Advanced MSC, dual J-Juan radial 4-piston calipers with radial master cylinder, 320 x 5 毫米 discs；后制动：Bosch Advanced MSC, J-Juan single piston floating caliper, 240 x 4.5 毫米 disc","前悬挂：Showa 43 毫米 Big Piston Separate Function forks, with adjustable spring preload, compression and rebound damping；后悬挂：Showa 40 毫米 piston, piggy-back reservoir shock with adjustable spring preload, compression and rebound damping；前悬挂行程：4.72 in (120 毫米)；后悬挂行程：5.51 in (140 毫米)",,整备质量：223.2 千克 (223 千克),载重能力：230.4 千克 (231 千克),"轴距：57.1 in (1,450 毫米)",座高：31.0 in (787 毫米),,,前轮胎：Pirelli Diablo Rosso III 120/70-17；后轮胎：Pirelli Diablo Rosso III 180/55-17；前轮：3.50 x 17；后轮：5.50 x 17,,"{""传动方式"": ""无离合器直驱"", ""前倾角"": ""24.5°"", ""单次充电参考费用"": ""约 1.60 美元"", ""可拆卸电池"": ""无"", ""城市工况等价燃油经济性"": ""380 MPGe (0.62 l/100 km)"", ""控制器"": ""高效率、高功率密度, 600 Amp, 三相交流控制器 with 再生制动减速"", ""整车质保"": ""2 年"", ""末级传动"": ""90T / 20T, Poly 链条? HTD? 碳纤维? 皮带"", ""电气输入"": ""无"", ""电池包质保"": ""5 年/不限 英里"", ""越野离地间隙"": ""3.7 in (94 毫米)"", ""选装座高（低）"": ""30.3 in (770 毫米)"", ""选装座高（高）"": ""31.9 in (810 毫米)"", ""选配 6 千瓦快充"": ""49 分钟 （20–80%） / 1.3 小时 （0–95%）"", ""配备单只选装充电器时"": ""无"", ""配备最多选装充电器时"": ""无"", ""防护等级"": ""无""}",zeros.csv
Zero Motorcycles,,型号：DSR/X,电动摩托车,约 166714 元（MSRP 22995 USD × 7.25 参考汇率，非中国官方零售价）,城市续航：288 公里；高速/通勤续航：172 公里,最高时速：180 千米/时 (180 千米/时)；持续最高时速：161 千米/时 (161 千米/时),动力电池包：Z-Force@ Li-Ion intelligent integrated；最大容量：17.3 千瓦时；标称容量：15.1 千瓦时,"峰值扭矩：229 Nm；类型：Z-Force 75-7 enhanced thermal efficiency, passively air-cooled, interior permanent magnet AC motor","后轮峰值扭矩：无；峰值功率：100 hp (75 千瓦) @ 3,500 rpm",充电器类型：6.6 千瓦 integrated；家用充电时间：7.0 小时 （20–80%） / 11.1 小时 （0–95%）；二级充电时间：1.4 小时 （20–80%） / 2.2 小时 （0–95%）,"前制动：Bosch Advanced MSC with Combined Braking (eCBS), Vehicle Hold Control (VHC) and Off-Road mode, dual J-Juan radial 4-piston calipers with radial master cylinder, 320x5 毫米 discs；后制动：Bosch Advanced MSC with Combined Braking (eCBS), Vehicle Hold Control (VHC) and Off-Road mode, J-Juan 2x25 毫米 piston floating caliper, 265x4.5 毫米 disc","前悬挂：Showa 47 毫米 Separate Function Cartridge Forks with adjustable spring preload, compression and rebound damping；后悬挂：Showa 46 毫米 piston, piggy-back reservoir shock with adjustable tool-less spring preload, compression and rebound damping；前悬挂行程：7.48 in (190 毫米)；后悬挂行程：7.48 in (190 毫米)",,整备质量：247.2 千克 (247 千克),载重能力：251.7 千克 (252 千克),"轴距：60.0 in (1,525 毫米)",座高：32.6 in (828 毫米),,,前轮胎：Pirelli Diablo Rosso III 120/70-19；后轮胎：Pirelli Diablo Rosso III 170/60-17；前轮：3.00 x 19；后轮：4.50 x 17,,"{""传动方式"": ""无离合器直驱"", ""前倾角"": ""25°"", ""单次充电参考费用"": ""约 1.93 美元"", ""可拆卸电池"": ""无"", ""城市工况等价燃油经济性"": ""398MPGe (0.59 l/100 km)"", ""控制器"": ""高效率、高功率密度, 900 安培三相交流控制器，带再生制动减速"", ""整车质保"": ""2 年"", ""末级传动"": ""90T / 22T, Poly 链条? HTD? 碳纤维? 皮带,\nMudport Wheel Sprocket"", ""电气输入"": ""无"", ""电池包质保"": ""5 年/不限 英里"", ""越野离地间隙"": ""4.3 in (109 毫米)"", ""选装座高（低）"": ""31.7 in (805 毫米)"", ""选装座高（高）"": ""34.1 in (865 毫米)"", ""选配 6 千瓦快充"": ""43 分钟 （20–80%） / 1.1 小时 （0–95%）"", ""配备单只选装充电器时"": ""无"", ""配备最多选装充电器时"": ""无"", ""防护等级"": ""无""}",zeros.csv
Zero Motorcycles,,型号：DSR,电动摩托车,约 144964 元（MSRP 19995 USD × 7.25 参考汇率，非中国官方零售价）,城市续航：249 公里；高速/通勤续航：161 公里,最高时速：167 千米/时 (167 千米/时)；持续最高时速：161 千米/时 (161 千米/时),动力电池包：Z-Force@ Li-Ion intelligent integrated；最大容量：15.6 千瓦时；标称容量：13.6 千瓦时,"峰值扭矩：195 Nm；类型：Z-Force 75-10X enhanced thermal efficiency, passively air-cooled, torque optimized interior permanent magnet AC motor","后轮峰值扭矩：无；峰值功率：80 hp (60 千瓦) @ 3,650 rpm",充电器类型：3.3 千瓦 integrated；家用充电时间：6.3 小时 （20–80%） / 10.0 小时 （0–95%）；二级充电时间：2.5 小时 （20–80%） / 3.9 小时 （0–95%）,"前制动：Bosch Advanced MSC with Combined Braking (eCBS), Vehicle Hold Control (VHC) and Off-Road mode, dual J-Juan radial 4-piston calipers with radial master cylinder, 320x5 毫米 discs；后制动：Bosch Advanced MSC with Combined Braking (eCBS), Vehicle Hold Control (VHC) and Off-Road mode, J-Juan 2x25 毫米 piston floating caliper, 265x4.5 毫米 disc","前悬挂：Showa 47 毫米 Separate Function Cartridge Forks with adjustable spring preload, compression and rebound damping；后悬挂：Showa 46 毫米 piston, piggy-back reservoir shock with adjustable tool-less spring preload, compression and rebound damping；前悬挂行程：7.48 in (190 毫米)；后悬挂行程：7.48 in (190 毫米)",,整备质量：242.2 千克 (242 千克),载重能力：256.7 千克 (257 千克),"轴距：60.0 in (1,525 毫米)",座高：32.6 in (828 毫米),,,前轮胎：Pirelli Diablo Rosso III 120/70-19；后轮胎：Pirelli Diablo Rosso III 170/60-17；前轮：3.00 x 19；后轮：4.50 x 17,,"{""传动方式"": ""无离合器直驱"", ""前倾角"": ""25°"", ""单次充电参考费用"": ""约 1.74 美元"", ""可拆卸电池"": ""无"", ""城市工况等价燃油经济性"": ""398MPGe (0.59 l/100 km)"", ""控制器"": ""高效率、高功率密度, firmware-limited 765 Amp, 三相交流控制器 with 再生制动减速"", ""整车质保"": ""2 年"", ""末级传动"": ""90T / 22T, Poly 链条? HTD? 碳纤维? 皮带,\nMudport Wheel Sprocket"", ""电气输入"": ""无"", ""电池包质保"": ""5 年/不限 英里"", ""越野离地间隙"": ""4.3 in (109 毫米)"", ""选装座高（低）"": ""31.7 in (805 毫米)"", ""选装座高（高）"": ""34.1 in (865 毫米)"", ""选配 6 千瓦快充"": ""53 分钟 （20–80%） / 1.4 小时 （0–95%）"", ""配备单只选装充电器时"": ""无"", ""配备最多选装充电器时"": ""无"", ""防护等级"": ""无""}",zeros.csv
Zero Motorcycles,,型号：DS,电动摩托车,约 115964 元（MSRP 15995 USD × 7.25 参考汇率，非中国官方零售价）,城市续航：232 公里；高速/通勤续航：157 公里,最高时速：167 千米/时 (167 千米/时)；持续最高时速：121 千米/时 (120 千米/时),动力电池包：Z-Force@ Li-Ion intelligent integrated；最大容量：14.4 千瓦时；标称容量：12.6 千瓦时,"峰值扭矩：132 Nm；类型：Z-Force 75-7 enhanced thermal efficiency, passively air-cooled, interior permanent magnet AC motor","后轮峰值扭矩：无；峰值功率：68 hp (51 千瓦) @ 4,500 rpm","充电器类型：3.0 千瓦, integrated；家用充电时间：5.8 小时 （20–80%） / 9.2 小时 （0–95%）；二级充电时间：2.5 小时 （20–80%） / 4.0 小时 （0–95%）","前制动：Bosch Advanced MSC with Combined Braking (eCBS), Vehicle Hold Control (VHC) and Off-Road mode, dual J-Juan radial 4-piston calipers with radial master cylinder, 320x5 毫米 discs；后制动：Bosch Advanced MSC with Combined Braking (eCBS), Vehicle Hold Control (VHC) and Off-Road mode, J-Juan 2x25 毫米 piston floating caliper, 265x4.5 毫米 disc","前悬挂：Showa 47 毫米 Separate Function Cartridge Forks with adjustable spring preload, compression and rebound damping；后悬挂：Showa 46 毫米 piston, piggy-back reservoir shock with adjustable tool-less spring preload, compression and rebound damping；前悬挂行程：7.48 in (190 毫米)；后悬挂行程：7.48 in (190 毫米)",,整备质量：239 千克 (239 千克),载重能力：259.9 千克 (260 千克),"轴距：60.0 in (1,525 毫米)",座高：32.6 in (828 毫米),,,前轮胎：Pirelli Diablo Rosso III 120/70-19；后轮胎：Pirelli Diablo Rosso III 170/60-17；前轮：3.00 x 19；后轮：4.50 x 17,,"{""传动方式"": ""无离合器直驱"", ""前倾角"": ""25°"", ""单次充电参考费用"": ""约 1.60 美元"", ""可拆卸电池"": ""无"", ""城市工况等价燃油经济性"": ""398MPGe (0.59 l/100 km)"", ""控制器"": ""高效率、高功率密度, 600 Amp, 三相交流控制器 with 再生制动减速"", ""整车质保"": ""2 年"", ""末级传动"": ""90T / 20T, Poly 链条? HTD? 碳纤维? 皮带,\nMudport Wheel Sprocket"", ""电气输入"": ""无"", ""电池包质保"": ""5 年/不限 英里"", ""越野离地间隙"": ""4.3 in (109 毫米)"", ""选装座高（低）"": ""31.7 in (805 毫米)"", ""选装座高（高）"": ""34.1 in (865 毫米)"", ""选配 6 千瓦快充"": ""49 分钟 （20–80%） / 1.3 小时 （0–95%）"", ""配备单只选装充电器时"": ""无"", ""配备最多选装充电器时"": ""无"", ""防护等级"": ""无""}",zeros.csv
Zero Motorcycles,,型号：FXE,电动摩托车,约 90589 元（MSRP 12495 USD × 7.25 参考汇率，非中国官方零售价）,城市续航：169 公里；高速/通勤续航：95 公里,最高时速：137 千米/时 (137 千米/时)；持续最高时速：121 千米/时 (121 千米/时),动力电池包：Z-Force@ Li-Ion intelligent integrated；最大容量：7.2 千瓦时；标称容量：6.3 千瓦时,"峰值扭矩：106 Nm；类型：Z-Force? 75-5 passively air-cooled, high efficiency, radial flux, interior permanent magnet, brushless motor","后轮峰值扭矩：无；峰值功率：46 hp (34 千瓦) @ 4,300 rpm","充电器类型：0.65 千瓦, integrated；家用充电时间：9.7 小时 (100% charged) / 9.2 小时 (95% charged)；二级充电时间：无","前制动：Bosch Gen 9 ABS, J-Juan asymmetric dual piston floating caliper, 320 x 5 毫米 disc；后制动：Bosch Gen 9 ABS, J-Juan single piston floating caliper, 240 x 4.5 毫米 disc","前悬挂：Showa 41 毫米 inverted cartridge forks, with adjustable spring preload, compression and rebound damping；后悬挂：Showa 40 毫米 piston, piggy-back reservoir shock with adjustable spring preload, compression and rebound damping；前悬挂行程：7.00 in (178 毫米)；后悬挂行程：8.94 in (227 毫米)",,整备质量：140.2 千克 (140 千克),载重能力：145.6 千克 (146 千克),"轴距：56.0 in (1,422 毫米)",座高：32.9 in (836 毫米),,,前轮胎：Pirelli Diablo Rosso III 110/70-17；后轮胎：Pirelli Diablo Rosso III 140/70-17；前轮：3.00 x 17；后轮：3.50 x 17,"控制器：High efficiency, 550 amp, 3-phase brushless controller with 再生制动减速","{""传动方式"": ""无离合器直驱"", ""前倾角"": ""24.4°"", ""单次充电参考费用"": ""约 0.81 美元"", ""可拆卸电池"": ""无"", ""城市工况等价燃油经济性"": ""560 MPGe (0.42 l/100 km)"", ""整车质保"": ""2 年"", ""末级传动"": ""90T / 18T, Poly 链条? HTD? 碳纤维? 皮带"", ""电气输入"": ""Standard 110 V or 220 V"", ""电池包质保"": ""5 年/不限 英里"", ""越野离地间隙"": ""2.8 in (71 毫米)"", ""选装座高（低）"": ""无"", ""选装座高（高）"": ""无"", ""选配 6 千瓦快充"": ""无"", ""配备单只选装充电器时"": ""4.1 小时 (100% charged) / 3.6 小时 (95% charged)"", ""配备最多选装充电器时"": ""1.8 小时 (100% charged) / 1.3 小时 (95% charged)"", ""防护等级"": ""无""}",zeros.csv
Zero Motorcycles,,型号：FX,电动摩托车,约 90589 元（MSRP 12495 USD × 7.25 参考汇率，非中国官方零售价）,城市续航：164 公里；高速/通勤续航：92 公里,最高时速：137 千米/时 (137 千米/时)；持续最高时速：113 千米/时 (113 千米/时),动力电池包：Z-Force@ Li-Ion intelligent integrated；最大容量：7.2 千瓦时；标称容量：6.3 千瓦时,"峰值扭矩：106 Nm；类型：Z-Force? 75-5 passively air-cooled, high efficiency, radial flux, interior permanent magnet, brushless motor","后轮峰值扭矩：无；峰值功率：46 hp (34 千瓦) @ 4,300 rpm","充电器类型：0.65 千瓦, integrated；家用充电时间：9.7 小时 (100% charged) / 9.2 小时 (95% charged)；二级充电时间：无","前制动：Bosch Gen 9 ABS, J-Juan dual piston floating caliper, 240 x 4.5 毫米 disc；后制动：Bosch Gen 9 ABS, J-Juan dual piston floating caliper, 240 x 4.5 毫米 disc","前悬挂：Showa 41 毫米 inverted cartridge forks, with adjustable spring preload, compression and rebound damping；后悬挂：Showa 40 毫米 piston, piggy-back reservoir shock with adjustable spring preload, compression and rebound damping；前悬挂行程：8.60 in (218 毫米)；后悬挂行程：8.94 in (227 毫米)",,整备质量：131.1 千克 (131 千克),载重能力：154.7 千克 (155 千克),"轴距：56.6 in (1,438 毫米)",座高：34.7 in (881 毫米),,,前轮胎：Pirelli Scorpion MT 90 A/T 90/90-21；后轮胎：Pirelli Scorpion MT 90 A/T 120/80-18；前轮：1.85 x 21；后轮：2.50 x 18,"控制器：High efficiency, 550 amp, 3-phase brushless controller with 再生制动减速","{""传动方式"": ""无离合器直驱"", ""前倾角"": ""25.4°"", ""单次充电参考费用"": ""约 0.81 美元"", ""可拆卸电池"": ""无"", ""城市工况等价燃油经济性"": ""544 MPGe (0.43 l/100 km)"", ""整车质保"": ""2 年"", ""末级传动"": ""90T / 18T, Poly 链条? HTD? 碳纤维? 皮带"", ""电气输入"": ""Standard 110 V or 220 V"", ""电池包质保"": ""5 年/不限 英里"", ""越野离地间隙"": ""4.1 in (104 毫米)"", ""选装座高（低）"": ""无"", ""选装座高（高）"": ""无"", ""选配 6 千瓦快充"": ""无"", ""配备单只选装充电器时"": ""4.1 小时 (100% charged) / 3.6 小时 (95% charged)"", ""配备最多选装充电器时"": ""1.8 小时 (100% charged) / 1.3 小时 (95% charged)"", ""防护等级"": ""无""}",zeros.csv
Zero Motorcycles,,型号：XE,电动摩托车,约 47089 元（MSRP 6495 USD × 7.25 参考汇率，非中国官方零售价）,城市续航：100 公里 (at 50 千米/时)；高速/通勤续航：无,最高时速：85 千米/时 (85 千米/时)；持续最高时速：无,动力电池包：无；最大容量：无；标称容量：4.3 千瓦时,峰值扭矩：58 Nm；类型：无,后轮峰值扭矩：635 Nm；峰值功率：20.1 hp (15.5 千瓦),"充电器类型：0.8 千瓦, off-board；家用充电时间：5.0 小时 (95% charged)；二级充电时间：无","前制动：240 毫米 front rotor, Dual Piston DOT hydraulic brakes；后制动：220 毫米 rear rotor, Dual Piston DOT hydraulic brakes","前悬挂：210 毫米 fork travel, 220 毫米 front wheel travel, fully adjustable suspension；后悬挂：85 毫米 rear shock travel, 248 毫米 rear wheel travel, fully adjustable suspension；前悬挂行程：无；后悬挂行程：无",,整备质量：101.2 千克 (101 千克),载重能力：无,轴距：无,座高：35.4 in (900 毫米),,,前轮胎：无；后轮胎：无；前轮：21 英寸；后轮：18 英寸,,"{""传动方式"": ""无"", ""前倾角"": ""无"", ""单次充电参考费用"": ""无"", ""可拆卸电池"": ""是"", ""城市工况等价燃油经济性"": ""无"", ""控制器"": ""无"", ""整车质保"": ""1 年"", ""末级传动"": ""无"", ""电气输入"": ""Standard 110 V or 220 V"", ""电池包质保"": ""1 年"", ""越野离地间隙"": ""无"", ""选装座高（低）"": ""无"", ""选装座高（高）"": ""无"", ""选配 6 千瓦快充"": ""无"", ""配备单只选装充电器时"": ""无"", ""配备最多选装充电器时"": ""无"", ""防护等级"": ""IP65""}",zeros.csv
Zero Motorcycles,,型号：XB,电动摩托车,约 31864 元（MSRP 4395 USD × 7.25 参考汇率，非中国官方零售价）,城市续航：65 公里；高速/通勤续航：无,最高时速：80 千米/时 (80 千米/时)；持续最高时速：无,动力电池包：无；最大容量：无；标称容量：2.4 千瓦时,峰值扭矩：42 Nm；类型：无,后轮峰值扭矩：373 Nm；峰值功率：10 hp (7.5 千瓦),"充电器类型：0.8 千瓦, off-board；家用充电时间：2.5 小时 (95% charged)；二级充电时间：无","前制动：220 毫米 front rotor, hydraulic brakes；后制动：203 毫米 rear rotor, hydraulic brakes","前悬挂：195 毫米 fork travel, 200 毫米 front wheel travel, fully adjustable suspension；后悬挂：76 毫米 rear shock travel, 176 毫米 rear wheel travel, fully adjustable suspension；前悬挂行程：无；后悬挂行程：无",,整备质量：63 千克 (63 千克),载重能力：无,轴距：无,座高：32.7 in (832 毫米),,,前轮胎：无；后轮胎：无；前轮：19 英寸；后轮：19 英寸,,"{""传动方式"": ""无"", ""前倾角"": ""无"", ""单次充电参考费用"": ""无"", ""可拆卸电池"": ""无"", ""城市工况等价燃油经济性"": ""无"", ""控制器"": ""无"", ""整车质保"": ""1 年"", ""末级传动"": ""无"", ""电气输入"": ""Standard 110 V or 220 V"", ""电池包质保"": ""1 年"", ""越野离地间隙"": ""无"", ""选装座高（低）"": ""无"", ""选装座高（高）"": ""无"", ""选配 6 千瓦快充"": ""无"", ""配备单只选装充电器时"": ""无"", ""配备最多选装充电器时"": ""无"", ""防护等级"": ""IP65""}",zeros.csv
Stark Future,,型号：EX,电动摩托车,约 94178 元（MSRP 12990 USD × 7.25 参考汇率，非中国官方零售价）,,,电池：无,电机：碳纤维 fiber housing 360V,功率：60/80 hp；扭矩：1036 Nm (on the rear wheel),"充电器：3.3 千瓦, 16 A, 120/240 V；充电时间：3.5 小时 @ 120 V
2 小时 @ 240 V","制动：Front:?2-piston caliper, 260 毫米 disc
Rear:?1-piston caliper, 220 毫米 disc","悬挂：Front:?48 毫米 closed cartridge coil-spring fork, compression and rebound damping adjustable, 300 毫米 travel
Rear:?KYB Shock triple adjuster (spring preload, high/low speed compression damping, damping adjustable), 303 毫米 rear wheel travel",车架：Chromoly steel,重量：120 千克,,轴距：148.8 厘米,"座高：Fully extended: 99.0 厘米
Static sag: 96.6 厘米",,"离地间隙：Fully extended: 36.8 厘米
Static sag: 34.5 厘米","轮胎：Front:?90/90-21
Rear:?140/80-18",,"{""前倾角"": ""26.1°"", ""驱动说明"": ""RK MXU UW-ring Gold 520 chain & 7075 T6 rear sprocket""}",stark.csv
Stark Future,,型号：MX1.2,电动摩托车,约 90552 元（MSRP 12490 USD × 7.25 参考汇率，非中国官方零售价）,,,"电池：7.2 千瓦时, 420 伏",电机：碳纤维 fiber housing 360V,功率：60/80 hp；扭矩：978 Nm on the rear wheel,"充电器：3.3 千瓦, 16 A, 120/240 V；充电时间：3,5 小时 @ 120 V
2 小时 @ 240 V","制动：Brembo
Front
2-piston caliper, 260 毫米 Galfer disc
Rear
1-piston caliper, 220 毫米 Galfer disc","悬挂：KYB
Front
48 毫米 closed cartridge coil-spring fork, compressionâ€¨and rebound damping adjustable, 310 毫米 travel
Rear
KYB Shock triple adjuster, spring preload, high/low speed compression damping, and damping adjustable. 303 毫米 rear wheel travel",车架：High strength steel,重量：118 千克,,轴距：148.7 厘米,座高：96.0 厘米,,离地间隙：33.9 厘米,"轮胎：Tire Size (18 英寸 configuration):
Front: 90/90 - 21
Rear: 140/80 - 18
Tire Size (19 英寸 configuration):
Front: 80/100 - 21
Rear: 110/90 - 19",,"{""前倾角"": ""27.3°"", ""驱动说明"": ""RK MXU UW-ring Gold 520 chain & 7075 T6 rear sprocket""}",stark.csv
Stark Future,,型号：SM,电动摩托车,约 94178 元（MSRP 12990 USD × 7.25 参考汇率，非中国官方零售价）,,,"电池：7.2 千瓦时, 420 伏",电机：碳纤维 fiber housing 360V,功率：60/80 hp；扭矩：914 Nm on the rear wheel,"充电器：3.3 千瓦, 16 A, 120/240 V；充电时间：3,5 小时 @ 120 V
2 小时 @ 240 V","制动：Brembo
Front
4-piston radial caliper, 320 毫米 disc
Rear
1-piston caliper, 220 毫米 disc","悬挂：KYB
Front
48 毫米 closed cartridge coil-spring fork, compressionâ€¨and rebound damping adjustable, 290 毫米 travel
Rear
KYB Shock triple adjuster, spring preload, high/low speed compression damping, and damping adjustable. 303 毫米 rear wheel travel",车架：High strength steel,重量：Weight,,轴距：147.1 厘米,座高：93.5 厘米,,离地间隙：31.2 厘米,"轮胎：Front
120/70-17
Rear
140/70-17",,"{""前倾角"": ""26.1°"", ""驱动说明"": ""RK MXU UW-ring Gold 520 chain & 7075 T6 rear sprocket""}",stark.csv
Ninebot,九号,Kids_C2 Lite,电动滑板车,,标称续航 9 公里；最大续航 14 公里；最长骑行约 70 分钟,16 千米/时,,120 瓦,,防水 IPX4,机械制动器（离合器制动器）,,HC419高强度钢框架,7.8,50,,,856×400×950,,7英寸橡胶轮胎,APP：ninebot app；蓝牙音箱：是,"{""LED"": ""是"", ""可折叠"": ""是"", ""推荐年龄(year)"": ""6-10"", ""推荐高度(cm)"": ""115-145"", ""灯光系统"": ""RGB底盘氛围灯""}",ninebot-esc.csv
Ninebot,九号,C2 Pro,电动滑板车,,"最大续航 D：14
S：11 公里",20 千米/时,21.6 25.2 86.4 4000 Overvoltage / Undervoltage / Short Circuit / Overcurrent / Overtemperature Protection,150 瓦,260 瓦,3.5；防水 IPX4,机械手刹,,高强度钢框架,10.7,75,,,910×400×885/960/1035,,7英寸内径双减震轮胎,APP：ninebot app；蓝牙音箱：是,"{""LED"": ""是"", ""可折叠"": ""是"", ""折叠后尺寸大小(l*w*h) (mm)"": ""910×400×500"", ""推荐年龄(year)"": ""8-18"", ""推荐高度(cm)"": ""115—175"", ""最大爬坡角度(°)"": ""5"", ""灯光系统"": ""RGB底盘氛围灯""}",ninebot-esc.csv
Ninebot,九号,E2,电动滑板车,,"标称续航 16 公里；最大续航 S:16
D:16
E:20 公里",20 千米/时,173 Overvoltage / Undervoltage / Short Circuit / Overcurrent / Overtemperature Protection,250 瓦,450 瓦,7.5；防水 IPX4,电子式鼓式制动器,,汽车级SPFH589钢框架,15,,,,1070×445×1140,,8.1英寸中空减震轮胎,APP：ninebot app,"{""可折叠"": ""是"", ""推荐年龄(year)"": ""14-60"", ""推荐高度(cm)"": ""145-190"", ""最大爬坡角度(°)"": ""12"", ""灯光系统"": ""前大灯 + 刹车灯""}",ninebot-esc.csv
Ninebot,九号,E2Plus,电动滑板车,,"标称续航 13 公里；最大续航 S:13
D:16
E:20 公里",25 千米/时,173 Overvoltage / Undervoltage / Short Circuit / Overcurrent / Overtemperature Protection,300 瓦,500 瓦,7；防水 IPX4,电子式鼓式制动器,,汽车级SPFH589钢框架,16.1,,,,1081×445×1177,,8.2英寸中空减震轮胎,APP：ninebot app,"{""LED"": ""是"", ""可折叠"": ""是"", ""推荐年龄(year)"": ""14-60"", ""推荐高度(cm)"": ""130-190"", ""最大爬坡角度(°)"": ""12"", ""灯光系统"": ""前大灯 + 刹车灯 + 底盘氛围灯""}",ninebot-esc.csv
Ninebot,九号,E2Pro,电动滑板车,,"标称续航 20 公里；最大续航 S:20
D:27
E:30 公里",25 千米/时,209 Overvoltage / Undervoltage / Short Circuit / Overcurrent / Overtemperature Protection,350 瓦,750 瓦,4.5；防水 IPX4,电子式鼓式制动器,,汽车级SPFH589钢框架,18.8,,,,1168×540×1217,,前后双10英寸大直径空心轮胎,APP：ninebot app,"{""LED"": ""是"", ""antivol"": ""是"", ""可折叠"": ""是"", ""推荐年龄(year)"": ""16-60"", ""推荐高度(cm)"": ""140-200"", ""最大爬坡角度(°)"": ""18"", ""灯光系统"": ""前大灯 + 刹车灯 + 前后转向灯 + 底盘氛围灯""}",ninebot-esc.csv
Ninebot,九号,F2 pro,电动滑板车,,"最大续航 E：35 
D：25 
S：20 公里",30 千米/时,281 Overvoltage / Undervoltage / Short Circuit / Overcurrent / Overtemperature Protection + Low Battery Auto Sleep,450 瓦,,5,前盘式制动器 + 后制动器,前悬挂,,18.5,120,,,1158.5×570×1252,,10英寸无内胎自修复黑色轮胎,APP：ninebot app；gps定位系统：Apple Find My；tcs_抗滑动：是,"{""LED"": ""是"", ""antivol"": ""是"", ""可折叠"": ""是"", ""喇叭"": ""是"", ""折叠后尺寸大小(l*w*h) (mm)"": ""1158.5 × 520 × 1299"", ""推荐年龄(year)"": ""16-55"", ""推荐高度(cm)"": ""120—200"", ""最大爬坡角度(°)"": ""22"", ""灯光系统"": ""前大灯 + 刹车灯 + 前后转向灯 + 底盘氛围灯"", ""车道保持"": ""是""}",ninebot-esc.csv
Ninebot,九号,F2 plus,电动滑板车,,"标称续航 20 公里；最大续航 E:40
D:30
S:20 公里",30 千米/时,,400 瓦,,防水 IPX5,前盘式制动器 + 后制动器,前悬挂,,17.8,120,,,1143×570×1237,,10英寸自修复凝胶轮胎,APP：ninebot app；gps定位系统：Apple Find My；tcs_抗滑动：是,"{""antivol"": ""是"", ""可折叠"": ""是"", ""折叠后尺寸大小(l*w*h) (mm)"": ""1143×570×507"", ""推荐年龄(year)"": ""14-55"", ""推荐高度(cm)"": ""140-200"", ""最大爬坡角度(°)"": ""18"", ""灯光系统"": ""前大灯 + 刹车灯 + 前后转向灯 + 底盘氛围灯""}",ninebot-esc.csv
Ninebot,九号,F3,电动滑板车,,"最大续航 S:30
D:40
E:55 公里",32 千米/时,46.8 375,450 瓦,1000 瓦,6；防水 IPX6,前盘式制动器 + 后制动器,前液压+后扭转橡胶悬挂,,19.3,120,,,1152×590×1262,,10英寸自修复凝胶轮胎,APP：ninebot app；gps定位系统：Apple Find My；tcs_抗滑动：是,"{""LED"": ""是"", ""SegRide"": ""是"", ""antivol"": ""是"", ""可折叠"": ""是"", ""折叠后尺寸大小(l*w*h) (mm)"": ""1152×590×613"", ""最大爬坡角度(°)"": ""20"", ""灯光系统"": ""前大灯 + 刹车灯 + 前后转向灯 + 底盘氛围灯""}",ninebot-esc.csv
Ninebot,九号,E3,电动滑板车,,"最大续航 S:16
D:22
E:33 公里",32 千米/时,36 209,400 瓦,,4.5；防水 IPX5,前盘式制动器 + 后制动器,前后扭转橡胶悬挂系统,升级的镁铝合金框架,18.5,120,,,1165×563×1235,,10英寸自修复凝胶轮胎,APP：ninebot app；gps定位系统：Apple Find My；tcs_抗滑动：是,"{""LED"": ""是"", ""SegRide"": ""是"", ""可折叠"": ""是"", ""折叠后尺寸大小(l*w*h) (mm)"": ""1235×564×445"", ""最大爬坡角度(°)"": ""18"", ""灯光系统"": ""前大灯 + 刹车灯 + 前后转向灯 + 底盘氛围灯""}",ninebot-esc.csv
Ninebot,九号,E3 Pro,电动滑板车,,"最大续航 S:21
D:31
E:46 公里",32 千米/时,36 281,400 瓦,800 瓦,5.5；防水 IPX5,前盘式制动器 + 后制动器,前后扭转橡胶悬挂系统,升级的镁铝合金框架,18.9,120,,,1165×563×1235,,10英寸自修复凝胶轮胎,APP：ninebot app；gps定位系统：Apple Find My；tcs_抗滑动：是,"{""LED"": ""是"", ""SegRide"": ""是"", ""可折叠"": ""是"", ""折叠后尺寸大小(l*w*h) (mm)"": ""1235×564×445"", ""最大爬坡角度(°)"": ""18"", ""灯光系统"": ""前大灯 + 刹车灯 + 前后转向灯 + 底盘氛围灯""}",ninebot-esc.csv
Ninebot,九号,Max G3,电动滑板车,,"最大续航 S:30
D:40
E:50 公里",40 千米/时,46.8 459 Dual Overcharge Protection / Dual Overtemperature Protection / Dual Overdischarge Protection / Short Circuit Protection / Overcurrent Protection / Battery Low Voltage Protection / RTC Function / Log Function,850 瓦,2000 瓦,3.5；防水 IPX6,前后双作用盘式制动系统,前后双重液压悬挂系统,升级的铝合金框架,24.6,130,,,1218×590×1299,,11英寸自修复黑色轮胎,APP：ninebot app；gps定位系统：Apple Find My；tcs_抗滑动：是,"{""LED"": ""是"", ""SegRide"": ""是"", ""可折叠"": ""是"", ""折叠后尺寸大小(l*w*h) (mm)"": ""1218×590×592"", ""最大爬坡角度(°)"": ""30"", ""灯光系统"": ""前大灯 + 刹车灯 + 前后转向灯 + 底盘氛围灯""}",ninebot-esc.csv
Ninebot,九号,segway ZT3 Pro,电动滑板车,,"标称续航 32 公里；最大续航 S挡32
D挡38
E挡51 公里",32 千米/时,Overvoltage / Undervoltage / Short Circuit / Overcurrent / Overtemperature Protection,650 瓦,1600 瓦,防水 IPX5,前单作用盘式制动器 + 后双作用盘式制动器 + 电子制动系统,双连杆前悬挂+后拖臂弹簧悬挂,,31.45,120,,,1245×592×1340,,11英寸自修复黑色轮胎,APP：ninebot app；gps定位系统：Apple Find My；tcs_抗滑动：是,"{""AirLock"": ""是"", ""LED"": ""是"", ""SegRide"": ""是"", ""可折叠"": ""是"", ""折叠后尺寸大小(l*w*h) (mm)"": ""1245×592×645"", ""推荐年龄(year)"": ""16+"", ""推荐高度(cm)"": ""160-200"", ""最大爬坡角度(°)"": ""25"", ""灯光系统"": ""前大灯 + 刹车灯""}",ninebot-esc.csv
